{"initial_reset_timestamp": 1731895562.5317588, "timestamps": [1731895583.860414], "episode_lengths": [1000], "episode_rewards": [885.9154929577245], "episode_types": ["t"]}