{"initial_reset_timestamp": 1731895853.3141835, "timestamps": [1731895873.594773], "episode_lengths": [1000], "episode_rewards": [748.5915492957627], "episode_types": ["t"]}