{"initial_reset_timestamp": 1731700774.6951065, "timestamps": [1731700795.9155688], "episode_lengths": [1000], "episode_rewards": [298.6254295532496], "episode_types": ["t"]}