{"initial_reset_timestamp": 1731854043.2573965, "timestamps": [1731854063.0519638], "episode_lengths": [1000], "episode_rewards": [5.633802816900825], "episode_types": ["t"]}